username,password,email,usergroup
30747157,123456abc,30747157@qq.com,Registered
16321027,123456abc,16321027@qq.com,Registered
71115012,123456abc,71115012@qq.com,Registered
40218721,123456abc,40218721@qq.com,Registered
rwbfpmhm,123456abc,rwbfpmhm@msn.com,Registered
clnrjdtvkfubfp,123456abc,clnrjdtvkfubfp@163.com,Registered
jpvoiqmenslulh,123456abc,jpvoiqmenslulh@126.com,Registered
awchnksmpk,123456abc,awchnksmpk@hotmail.com,Registered
jttnnumrsqllde,123456abc,jttnnumrsqllde@sohu.com,Registered
iapfesnwhj,123456abc,iapfesnwhj@msn.com,Registered
vghhwclgetrphio,123456abc,vghhwclgetrphio@163.com,Registered
43082128,123456abc,43082128@qq.com,Registered
44745465,123456abc,44745465@qq.com,Registered
45158112,123456abc,45158112@qq.com,Registered
85867383,123456abc,85867383@qq.com,Registered
32770255,123456abc,32770255@qq.com,Registered
82602568,123456abc,82602568@qq.com,Registered
qgrnwlowfhoo,123456abc,qgrnwlowfhoo@21cn.com,Registered
lmlnukkkld,123456abc,lmlnukkkld@sina.com,Registered
26626512,123456abc,26626512@qq.com,Registered
16061400,123456abc,16061400@qq.com,Registered
54126851,123456abc,54126851@qq.com,Registered
04664002,123456abc,04664002@qq.com,Registered
suklfrobe,123456abc,suklfrobe@hotmail.com,Registered
qjvhwn,123456abc,qjvhwn@sohu.com,Registered
evvrubjsraajick,123456abc,evvrubjsraajick@21cn.com,Registered
70416657,123456abc,70416657@qq.com,Registered
15522744,123456abc,15522744@qq.com,Registered
16464423,123456abc,16464423@qq.com,Registered
04118471,123456abc,04118471@qq.com,Registered
66718727,123456abc,66718727@qq.com,Registered
72112382,123456abc,72112382@qq.com,Registered
01474273,123456abc,01474273@qq.com,Registered
61125475,123456abc,61125475@qq.com,Registered
64548243,123456abc,64548243@qq.com,Registered
35812106,123456abc,35812106@qq.com,Registered
47060853,123456abc,47060853@qq.com,Registered
83376022,123456abc,83376022@qq.com,Registered
kbqmmuesfmkbm,123456abc,kbqmmuesfmkbm@sohu.com,Registered
44377327,123456abc,44377327@qq.com,Registered
51383515,123456abc,51383515@qq.com,Registered
13764047,123456abc,13764047@qq.com,Registered
71557653,123456abc,71557653@qq.com,Registered
35667180,123456abc,35667180@qq.com,Registered
51184602,123456abc,51184602@qq.com,Registered
27521563,123456abc,27521563@qq.com,Registered
85057687,123456abc,85057687@qq.com,Registered
40568378,123456abc,40568378@qq.com,Registered
46128520,123456abc,46128520@qq.com,Registered
13201316,123456abc,13201316@qq.com,Registered
83721227,123456abc,83721227@qq.com,Registered
22441228,123456abc,22441228@qq.com,Registered
06643333,123456abc,06643333@qq.com,Registered
33133887,123456abc,33133887@qq.com,Registered
61234581,123456abc,61234581@qq.com,Registered
70675354,123456abc,70675354@qq.com,Registered
18328427,123456abc,18328427@qq.com,Registered
74105568,123456abc,74105568@qq.com,Registered
13152772,123456abc,13152772@qq.com,Registered
26318220,123456abc,26318220@qq.com,Registered
65245681,123456abc,65245681@qq.com,Registered
83484742,123456abc,83484742@qq.com,Registered
26612812,123456abc,26612812@qq.com,Registered
10821075,123456abc,10821075@qq.com,Registered
11283234,123456abc,11283234@qq.com,Registered
48673773,123456abc,48673773@qq.com,Registered
74751113,123456abc,74751113@qq.com,Registered
63383218,123456abc,63383218@qq.com,Registered
00076068,123456abc,00076068@qq.com,Registered
45057818,123456abc,45057818@qq.com,Registered
06420067,123456abc,06420067@qq.com,Registered
nujkclpwrvusta,123456abc,nujkclpwrvusta@163.com,Registered
mlqj,123456abc,mlqj@126.com,Registered
hqeofcu,123456abc,hqeofcu@sina.com,Registered
lsmldsuh,123456abc,lsmldsuh@hotmail.com,Registered
rggsvicnn,123456abc,rggsvicnn@sohu.com,Registered
pmwh,123456abc,pmwh@21cn.com,Registered
01221330,123456abc,01221330@qq.com,Registered
16257517,123456abc,16257517@qq.com,Registered
67041447,123456abc,67041447@qq.com,Registered
24767880,123456abc,24767880@qq.com,Registered
21756460,123456abc,21756460@qq.com,Registered
28405404,123456abc,28405404@qq.com,Registered
evvlv,123456abc,evvlv@sina.com,Registered
uqegwaf,123456abc,uqegwaf@hotmail.com,Registered
val,123456abc,val@sohu.com,Registered
eeoasma,123456abc,eeoasma@21cn.com,Registered
45518164,123456abc,45518164@qq.com,Registered
54854522,123456abc,54854522@qq.com,Registered
71234123,123456abc,71234123@qq.com,Registered
48678023,123456abc,48678023@qq.com,Registered
tdchsfeamjgdrnw,123456abc,tdchsfeamjgdrnw@sina.com,Registered
17734404,123456abc,17734404@qq.com,Registered
77237147,123456abc,77237147@qq.com,Registered
01063258,123456abc,01063258@qq.com,Registered
qmdlbh,123456abc,qmdlbh@126.com,Registered
fdvukteplvg,123456abc,fdvukteplvg@sohu.com,Registered
47038563,123456abc,47038563@qq.com,Registered
82727268,123456abc,82727268@qq.com,Registered
30711656,123456abc,30711656@qq.com,Registered
51338741,123456abc,51338741@qq.com,Registered
37661401,123456abc,37661401@qq.com,Registered
47412841,123456abc,47412841@qq.com,Registered
26372016,123456abc,26372016@qq.com,Registered
22672230,123456abc,22672230@qq.com,Registered
65805868,123456abc,65805868@qq.com,Registered
05622336,123456abc,05622336@qq.com,Registered
51114572,123456abc,51114572@qq.com,Registered
50486181,123456abc,50486181@qq.com,Registered
43358452,123456abc,43358452@qq.com,Registered
04763847,123456abc,04763847@qq.com,Registered
70200151,123456abc,70200151@qq.com,Registered
66354618,123456abc,66354618@qq.com,Registered
54788671,123456abc,54788671@qq.com,Registered
47187176,123456abc,47187176@qq.com,Registered
45168702,123456abc,45168702@qq.com,Registered
72820073,123456abc,72820073@qq.com,Registered
27070470,123456abc,27070470@qq.com,Registered
11410525,123456abc,11410525@qq.com,Registered
76075407,123456abc,76075407@qq.com,Registered
pkfdvpaim,123456abc,pkfdvpaim@163.com,Registered
okjgnvv,123456abc,okjgnvv@126.com,Registered
dtw,123456abc,dtw@sina.com,Registered
35067504,123456abc,35067504@qq.com,Registered
07581868,123456abc,07581868@qq.com,Registered
75844745,123456abc,75844745@qq.com,Registered
13644100,123456abc,13644100@qq.com,Registered
74771565,123456abc,74771565@qq.com,Registered
28658834,123456abc,28658834@qq.com,Registered
03483758,123456abc,03483758@qq.com,Registered
44706177,123456abc,44706177@qq.com,Registered
30380342,123456abc,30380342@qq.com,Registered
hbcwhkvbwgk,123456abc,hbcwhkvbwgk@sohu.com,Registered
rmcqtqjgpg,123456abc,rmcqtqjgpg@21cn.com,Registered
famddksanaepqd,123456abc,famddksanaepqd@msn.com,Registered
hrneftmnuimh,123456abc,hrneftmnuimh@hotmail.com,Registered
73141752,123456abc,73141752@qq.com,Registered
01416168,123456abc,01416168@qq.com,Registered
88356671,123456abc,88356671@qq.com,Registered
18184445,123456abc,18184445@qq.com,Registered
sfsds,123456abc,sfsds@sina.com,Registered
vnsbsbhgc,123456abc,vnsbsbhgc@hotmail.com,Registered
lhdsao,123456abc,lhdsao@sohu.com,Registered
ddnhwwugiof,123456abc,ddnhwwugiof@21cn.com,Registered
pgctilcd,123456abc,pgctilcd@msn.com,Registered
npfuklamhl,123456abc,npfuklamhl@163.com,Registered
enowf,123456abc,enowf@126.com,Registered
wnurk,123456abc,wnurk@sina.com,Registered
61462711,123456abc,61462711@qq.com,Registered
02330877,123456abc,02330877@qq.com,Registered
72433115,123456abc,72433115@qq.com,Registered
00120247,123456abc,00120247@qq.com,Registered
80048244,123456abc,80048244@qq.com,Registered
48551540,123456abc,48551540@qq.com,Registered
06074245,123456abc,06074245@qq.com,Registered
87526716,123456abc,87526716@qq.com,Registered
74388285,123456abc,74388285@qq.com,Registered
78844443,123456abc,78844443@qq.com,Registered
51221536,123456abc,51221536@qq.com,Registered
44405175,123456abc,44405175@qq.com,Registered
77752416,123456abc,77752416@qq.com,Registered
74043003,123456abc,74043003@qq.com,Registered
31654851,123456abc,31654851@qq.com,Registered
16437705,123456abc,16437705@qq.com,Registered
12656710,123456abc,12656710@qq.com,Registered
85364733,123456abc,85364733@qq.com,Registered
iltpuotovchfnv,123456abc,iltpuotovchfnv@163.com,Registered
40634207,123456abc,40634207@qq.com,Registered
25458770,123456abc,25458770@qq.com,Registered
44303355,123456abc,44303355@qq.com,Registered
05584752,123456abc,05584752@qq.com,Registered
20871508,123456abc,20871508@qq.com,Registered
63216120,123456abc,63216120@qq.com,Registered
07041078,123456abc,07041078@qq.com,Registered
18321807,123456abc,18321807@qq.com,Registered
73660054,123456abc,73660054@qq.com,Registered
25388886,123456abc,25388886@qq.com,Registered
26557165,123456abc,26557165@qq.com,Registered
21552116,123456abc,21552116@qq.com,Registered
34334488,123456abc,34334488@qq.com,Registered
25246782,123456abc,25246782@qq.com,Registered
12541738,123456abc,12541738@qq.com,Registered
mcda,123456abc,mcda@sina.com,Registered
wkpdemkhjqce,123456abc,wkpdemkhjqce@hotmail.com,Registered
ftfcobmbaprgip,123456abc,ftfcobmbaprgip@sohu.com,Registered
fuejrkuda,123456abc,fuejrkuda@21cn.com,Registered
jwpolterf,123456abc,jwpolterf@msn.com,Registered
11824176,123456abc,11824176@qq.com,Registered
48246507,123456abc,48246507@qq.com,Registered
57624570,123456abc,57624570@qq.com,Registered
32622282,123456abc,32622282@qq.com,Registered
25181510,123456abc,25181510@qq.com,Registered
bdhfanqmh,123456abc,bdhfanqmh@hotmail.com,Registered
olkrfvamrun,123456abc,olkrfvamrun@sohu.com,Registered
egd,123456abc,egd@21cn.com,Registered
34448867,123456abc,34448867@qq.com,Registered
78240475,123456abc,78240475@qq.com,Registered
27823441,123456abc,27823441@qq.com,Registered
88114058,123456abc,88114058@qq.com,Registered
66701203,123456abc,66701203@qq.com,Registered
47330426,123456abc,47330426@qq.com,Registered
64626757,123456abc,64626757@qq.com,Registered
02506536,123456abc,02506536@qq.com,Registered
23635738,123456abc,23635738@qq.com,Registered
htmtqrfwo,123456abc,htmtqrfwo@msn.com,Registered
kviip,123456abc,kviip@163.com,Registered
crb,123456abc,crb@126.com,Registered
jdmjibboafum,123456abc,jdmjibboafum@sina.com,Registered
oqnwjgukg,123456abc,oqnwjgukg@msn.com,Registered
itbeh,123456abc,itbeh@163.com,Registered
blvuvh,123456abc,blvuvh@126.com,Registered
qwpdouawabmvw,123456abc,qwpdouawabmvw@sina.com,Registered
36630833,123456abc,36630833@qq.com,Registered
32111374,123456abc,32111374@qq.com,Registered
41561775,123456abc,41561775@qq.com,Registered
20622575,123456abc,20622575@qq.com,Registered
26067777,123456abc,26067777@qq.com,Registered
28758616,123456abc,28758616@qq.com,Registered
31002565,123456abc,31002565@qq.com,Registered
81182106,123456abc,81182106@qq.com,Registered
35843055,123456abc,35843055@qq.com,Registered
36428155,123456abc,36428155@qq.com,Registered
78715735,123456abc,78715735@qq.com,Registered
03766751,123456abc,03766751@qq.com,Registered
ifhnwkanekmmhwp,123456abc,ifhnwkanekmmhwp@hotmail.com,Registered
fnhuuwq,123456abc,fnhuuwq@sohu.com,Registered
fngf,123456abc,fngf@21cn.com,Registered
rmfihqf,123456abc,rmfihqf@msn.com,Registered
gvtsdsfncma,123456abc,gvtsdsfncma@163.com,Registered
psvocb,123456abc,psvocb@126.com,Registered
mdijesfj,123456abc,mdijesfj@sina.com,Registered
heagkqwpkbrdlm,123456abc,heagkqwpkbrdlm@hotmail.com,Registered
agvp,123456abc,agvp@sohu.com,Registered
noffhqkvmoaujgg,123456abc,noffhqkvmoaujgg@21cn.com,Registered
70136633,123456abc,70136633@qq.com,Registered
53541467,123456abc,53541467@qq.com,Registered
45023815,123456abc,45023815@qq.com,Registered
22482784,123456abc,22482784@qq.com,Registered
13388271,123456abc,13388271@qq.com,Registered
53511844,123456abc,53511844@qq.com,Registered
60117377,123456abc,60117377@qq.com,Registered
85042316,123456abc,85042316@qq.com,Registered
40260672,123456abc,40260672@qq.com,Registered
78583843,123456abc,78583843@qq.com,Registered
68225767,123456abc,68225767@qq.com,Registered
55031281,123456abc,55031281@qq.com,Registered
27605740,123456abc,27605740@qq.com,Registered
18376748,123456abc,18376748@qq.com,Registered
16721805,123456abc,16721805@qq.com,Registered
dsaog,123456abc,dsaog@163.com,Registered
jakksjcsgbjvh,123456abc,jakksjcsgbjvh@126.com,Registered
rtjirnkj,123456abc,rtjirnkj@sina.com,Registered
nwnbkrjqbfew,123456abc,nwnbkrjqbfew@hotmail.com,Registered
gitc,123456abc,gitc@sohu.com,Registered
lawvmcv,123456abc,lawvmcv@msn.com,Registered
ppwww,123456abc,ppwww@163.com,Registered
hgdgpectk,123456abc,hgdgpectk@126.com,Registered
mdukaofeg,123456abc,mdukaofeg@sina.com,Registered
uooib,123456abc,uooib@hotmail.com,Registered
olvdgdfrclatg,123456abc,olvdgdfrclatg@sohu.com,Registered
17313511,123456abc,17313511@qq.com,Registered
73203200,123456abc,73203200@qq.com,Registered
31375134,123456abc,31375134@qq.com,Registered
81277077,123456abc,81277077@qq.com,Registered
34740424,123456abc,34740424@qq.com,Registered
43015570,123456abc,43015570@qq.com,Registered
07302228,123456abc,07302228@qq.com,Registered
48112226,123456abc,48112226@qq.com,Registered
lcbabggk,123456abc,lcbabggk@21cn.com,Registered
jotphwf,123456abc,jotphwf@msn.com,Registered
lfhpathhqcjoma,123456abc,lfhpathhqcjoma@163.com,Registered
pdvgpnugr,123456abc,pdvgpnugr@126.com,Registered
gnvnpnsfde,123456abc,gnvnpnsfde@sohu.com,Registered
jsddvu,123456abc,jsddvu@21cn.com,Registered
43684408,123456abc,43684408@qq.com,Registered
77310273,123456abc,77310273@qq.com,Registered
22705751,123456abc,22705751@qq.com,Registered
17012012,123456abc,17012012@qq.com,Registered
kabemuwtjunrrkg,123456abc,kabemuwtjunrrkg@sina.com,Registered
pidtsricemjp,123456abc,pidtsricemjp@hotmail.com,Registered
12517844,123456abc,12517844@qq.com,Registered
64137171,123456abc,64137171@qq.com,Registered
07803205,123456abc,07803205@qq.com,Registered
74754857,123456abc,74754857@qq.com,Registered
61075543,123456abc,61075543@qq.com,Registered
gonlijekdbjr,123456abc,gonlijekdbjr@21cn.com,Registered
snpprftmnvge,123456abc,snpprftmnvge@msn.com,Registered
vdhmoivn,123456abc,vdhmoivn@163.com,Registered
gadwpoeitqljje,123456abc,gadwpoeitqljje@126.com,Registered
sfokeqph,123456abc,sfokeqph@sina.com,Registered
vkbdnk,123456abc,vkbdnk@hotmail.com,Registered
tcu,123456abc,tcu@sohu.com,Registered
omrnei,123456abc,omrnei@21cn.com,Registered
bmpwl,123456abc,bmpwl@msn.com,Registered
uqirlienqtaenas,123456abc,uqirlienqtaenas@163.com,Registered
pphlusgk,123456abc,pphlusgk@126.com,Registered
fsm,123456abc,fsm@sina.com,Registered
rnwvcfubgi,123456abc,rnwvcfubgi@hotmail.com,Registered
qqvqrjohipta,123456abc,qqvqrjohipta@sohu.com,Registered
effkmbrchkdvc,123456abc,effkmbrchkdvc@126.com,Registered
tepipqvbg,123456abc,tepipqvbg@21cn.com,Registered
dckpr,123456abc,dckpr@msn.com,Registered
rehhmnwi,123456abc,rehhmnwi@163.com,Registered
vwa,123456abc,vwa@126.com,Registered
mdeda,123456abc,mdeda@sina.com,Registered
33146404,123456abc,33146404@qq.com,Registered
04541368,123456abc,04541368@qq.com,Registered
42054716,123456abc,42054716@qq.com,Registered
00144583,123456abc,00144583@qq.com,Registered
71615035,123456abc,71615035@qq.com,Registered
sqcqdivwnur,123456abc,sqcqdivwnur@sina.com,Registered
cptdhbkkuivvj,123456abc,cptdhbkkuivvj@hotmail.com,Registered
shwfttsckgacu,123456abc,shwfttsckgacu@sohu.com,Registered
87712876,123456abc,87712876@qq.com,Registered
08787315,123456abc,08787315@qq.com,Registered
23352503,123456abc,23352503@qq.com,Registered
42606424,123456abc,42606424@qq.com,Registered
84658041,123456abc,84658041@qq.com,Registered
wbckvrfnpwv,123456abc,wbckvrfnpwv@21cn.com,Registered
bfksvi,123456abc,bfksvi@msn.com,Registered
hnseunqo,123456abc,hnseunqo@163.com,Registered
ldvvngvbck,123456abc,ldvvngvbck@126.com,Registered
mrtvtgdbhfboej,123456abc,mrtvtgdbhfboej@msn.com,Registered
umkhqwrvqgactat,123456abc,umkhqwrvqgactat@163.com,Registered
23447043,123456abc,23447043@qq.com,Registered
80825622,123456abc,80825622@qq.com,Registered
74581704,123456abc,74581704@qq.com,Registered
63035552,123456abc,63035552@qq.com,Registered
rmur,123456abc,rmur@126.com,Registered
82371454,123456abc,82371454@qq.com,Registered
63054871,123456abc,63054871@qq.com,Registered
13743483,123456abc,13743483@qq.com,Registered
onrsmrgu,123456abc,onrsmrgu@hotmail.com,Registered
accegapodhobkgg,123456abc,accegapodhobkgg@sohu.com,Registered
38748163,123456abc,38748163@qq.com,Registered
hguvtjcoi,123456abc,hguvtjcoi@21cn.com,Registered
ekkvqpcpqcijcsg,123456abc,ekkvqpcpqcijcsg@msn.com,Registered
06033406,123456abc,06033406@qq.com,Registered
60484810,123456abc,60484810@qq.com,Registered
35544517,123456abc,35544517@qq.com,Registered
75217173,123456abc,75217173@qq.com,Registered
novkg,123456abc,novkg@163.com,Registered
vhdvwhgwp,123456abc,vhdvwhgwp@126.com,Registered
qfhksisepovpcve,123456abc,qfhksisepovpcve@sina.com,Registered
46233412,123456abc,46233412@qq.com,Registered
70276486,123456abc,70276486@qq.com,Registered
48226073,123456abc,48226073@qq.com,Registered
28415154,123456abc,28415154@qq.com,Registered
56066466,123456abc,56066466@qq.com,Registered
ptpn,123456abc,ptpn@21cn.com,Registered
made,123456abc,made@msn.com,Registered
bewscsemkttrvo,123456abc,bewscsemkttrvo@163.com,Registered
whrcmfvui,123456abc,whrcmfvui@126.com,Registered
oluqijiaunue,123456abc,oluqijiaunue@sina.com,Registered
ojk,123456abc,ojk@sina.com,Registered
smmj,123456abc,smmj@hotmail.com,Registered
14532068,123456abc,14532068@qq.com,Registered
81808454,123456abc,81808454@qq.com,Registered
77244445,123456abc,77244445@qq.com,Registered
03226155,123456abc,03226155@qq.com,Registered
53858326,123456abc,53858326@qq.com,Registered
30455748,123456abc,30455748@qq.com,Registered
28551482,123456abc,28551482@qq.com,Registered
26347218,123456abc,26347218@qq.com,Registered
qevo,123456abc,qevo@msn.com,Registered
smdghnspf,123456abc,smdghnspf@163.com,Registered
hjo,123456abc,hjo@126.com,Registered
43102084,123456abc,43102084@qq.com,Registered
45140782,123456abc,45140782@qq.com,Registered
83075030,123456abc,83075030@qq.com,Registered
36218770,123456abc,36218770@qq.com,Registered
84015451,123456abc,84015451@qq.com,Registered
pqnfptqbtbq,123456abc,pqnfptqbtbq@hotmail.com,Registered
dhwmssm,123456abc,dhwmssm@sohu.com,Registered
ffhhrrvtrwvvka,123456abc,ffhhrrvtrwvvka@21cn.com,Registered
jjjg,123456abc,jjjg@sina.com,Registered
vvuhtdsuc,123456abc,vvuhtdsuc@hotmail.com,Registered
fiudbc,123456abc,fiudbc@sohu.com,Registered
81053414,123456abc,81053414@qq.com,Registered
70541324,123456abc,70541324@qq.com,Registered
80557746,123456abc,80557746@qq.com,Registered
60546654,123456abc,60546654@qq.com,Registered
78748768,123456abc,78748768@qq.com,Registered
47372385,123456abc,47372385@qq.com,Registered
25147831,123456abc,25147831@qq.com,Registered
53828560,123456abc,53828560@qq.com,Registered
41524751,123456abc,41524751@qq.com,Registered
jaop,123456abc,jaop@msn.com,Registered
cbwdvfoqpmhi,123456abc,cbwdvfoqpmhi@21cn.com,Registered
phujqmvegdl,123456abc,phujqmvegdl@msn.com,Registered
36083542,123456abc,36083542@qq.com,Registered
18214057,123456abc,18214057@qq.com,Registered
46748408,123456abc,46748408@qq.com,Registered
03306503,123456abc,03306503@qq.com,Registered
00118360,123456abc,00118360@qq.com,Registered
avullwk,123456abc,avullwk@msn.com,Registered
rbau,123456abc,rbau@163.com,Registered
lgtlkwdsr,123456abc,lgtlkwdsr@126.com,Registered
sckhrunfw,123456abc,sckhrunfw@sina.com,Registered
eqttaa,123456abc,eqttaa@hotmail.com,Registered
rpvfq,123456abc,rpvfq@sohu.com,Registered
lwicrtolngj,123456abc,lwicrtolngj@21cn.com,Registered
pkwpkgnwphi,123456abc,pkwpkgnwphi@163.com,Registered
haqgne,123456abc,haqgne@126.com,Registered
85183443,123456abc,85183443@qq.com,Registered
57668018,123456abc,57668018@qq.com,Registered
ovqnalufef,123456abc,ovqnalufef@163.com,Registered
fhntfnnvdacg,123456abc,fhntfnnvdacg@126.com,Registered
masdqnfcvhtuqp,123456abc,masdqnfcvhtuqp@sina.com,Registered
fujialwjhrknoi,123456abc,fujialwjhrknoi@hotmail.com,Registered
qlnnprjnkadmn,123456abc,qlnnprjnkadmn@hotmail.com,Registered
fko,123456abc,fko@sohu.com,Registered
eehpr,123456abc,eehpr@21cn.com,Registered
asn,123456abc,asn@msn.com,Registered
huncaougmtg,123456abc,huncaougmtg@163.com,Registered
51802354,123456abc,51802354@qq.com,Registered
87148381,123456abc,87148381@qq.com,Registered
72464665,123456abc,72464665@qq.com,Registered
05043041,123456abc,05043041@qq.com,Registered
bjkrabosucmrk,123456abc,bjkrabosucmrk@21cn.com,Registered
cbtqksn,123456abc,cbtqksn@msn.com,Registered
dhhgj,123456abc,dhhgj@163.com,Registered
mjegkvlisd,123456abc,mjegkvlisd@126.com,Registered
wkhgekvdsenert,123456abc,wkhgekvdsenert@sina.com,Registered
ftgdjrobf,123456abc,ftgdjrobf@hotmail.com,Registered
ufhltrgps,123456abc,ufhltrgps@sohu.com,Registered
posk,123456abc,posk@hotmail.com,Registered
vppmcrrpsir,123456abc,vppmcrrpsir@sohu.com,Registered
jqtlsjftr,123456abc,jqtlsjftr@21cn.com,Registered
pnfffruopeegr,123456abc,pnfffruopeegr@msn.com,Registered
74704744,123456abc,74704744@qq.com,Registered
53127555,123456abc,53127555@qq.com,Registered
31557162,123456abc,31557162@qq.com,Registered
08360017,123456abc,08360017@qq.com,Registered
43034330,123456abc,43034330@qq.com,Registered
68004463,123456abc,68004463@qq.com,Registered
dkihriivkkdl,123456abc,dkihriivkkdl@sina.com,Registered
jqahusgpo,123456abc,jqahusgpo@hotmail.com,Registered
itmmtke,123456abc,itmmtke@sohu.com,Registered
tnneunsqusvgee,123456abc,tnneunsqusvgee@21cn.com,Registered
dtalsofbalbakf,123456abc,dtalsofbalbakf@msn.com,Registered
87433044,123456abc,87433044@qq.com,Registered
78488248,123456abc,78488248@qq.com,Registered
lkgnguuftkldvk,123456abc,lkgnguuftkldvk@163.com,Registered
iddwiptwigoln,123456abc,iddwiptwigoln@126.com,Registered
smilagkaovw,123456abc,smilagkaovw@sina.com,Registered
oebhkh,123456abc,oebhkh@hotmail.com,Registered
04013825,123456abc,04013825@qq.com,Registered
82185175,123456abc,82185175@qq.com,Registered
75056612,123456abc,75056612@qq.com,Registered
ctkajlsh,123456abc,ctkajlsh@hotmail.com,Registered
kbnlijlluracag,123456abc,kbnlijlluracag@sohu.com,Registered
pdn,123456abc,pdn@21cn.com,Registered
mlfs,123456abc,mlfs@msn.com,Registered
edaa,123456abc,edaa@163.com,Registered
oamdhqlak,123456abc,oamdhqlak@126.com,Registered
skcwajhbnihfvo,123456abc,skcwajhbnihfvo@sina.com,Registered
jefkgfilagqlw,123456abc,jefkgfilagqlw@hotmail.com,Registered
mmoqpibjgrqu,123456abc,mmoqpibjgrqu@sohu.com,Registered
kpd,123456abc,kpd@21cn.com,Registered
cuhulfm,123456abc,cuhulfm@msn.com,Registered
pjwb,123456abc,pjwb@163.com,Registered
huiiasqmfgqw,123456abc,huiiasqmfgqw@126.com,Registered
lrjdvsuvooosagb,123456abc,lrjdvsuvooosagb@sina.com,Registered
34010740,123456abc,34010740@qq.com,Registered
50316675,123456abc,50316675@qq.com,Registered
67138626,123456abc,67138626@qq.com,Registered
06715243,123456abc,06715243@qq.com,Registered
68583250,123456abc,68583250@qq.com,Registered
nhl,123456abc,nhl@msn.com,Registered
afkem,123456abc,afkem@163.com,Registered
doktmbgmnccgs,123456abc,doktmbgmnccgs@126.com,Registered
cnaafntwbquclb,123456abc,cnaafntwbquclb@sina.com,Registered
vrjrfagoslkurp,123456abc,vrjrfagoslkurp@hotmail.com,Registered
vgmobkejvvwenqv,123456abc,vgmobkejvvwenqv@sohu.com,Registered
neppiplm,123456abc,neppiplm@21cn.com,Registered
svelsqbgcsnmtw,123456abc,svelsqbgcsnmtw@msn.com,Registered
qhktfsqv,123456abc,qhktfsqv@163.com,Registered
aupbaofswrgmwv,123456abc,aupbaofswrgmwv@126.com,Registered
88048056,123456abc,88048056@qq.com,Registered
36203100,123456abc,36203100@qq.com,Registered
14013412,123456abc,14013412@qq.com,Registered
15141550,123456abc,15141550@qq.com,Registered
05763261,123456abc,05763261@qq.com,Registered
88857547,123456abc,88857547@qq.com,Registered
mmosawqqmow,123456abc,mmosawqqmow@sohu.com,Registered
haqwlurpfn,123456abc,haqwlurpfn@21cn.com,Registered
gimoljfworgr,123456abc,gimoljfworgr@msn.com,Registered
fuoumd,123456abc,fuoumd@163.com,Registered
qaupinrvqupivs,123456abc,qaupinrvqupivs@126.com,Registered
klhehhp,123456abc,klhehhp@sina.com,Registered
tbgjqng,123456abc,tbgjqng@hotmail.com,Registered
cbqafkuguohfrb,123456abc,cbqafkuguohfrb@sohu.com,Registered
skukdmhtmapboc,123456abc,skukdmhtmapboc@21cn.com,Registered
ahkam,123456abc,ahkam@msn.com,Registered
fscanb,123456abc,fscanb@163.com,Registered
pwkosdk,123456abc,pwkosdk@126.com,Registered
ignaudpudhh,123456abc,ignaudpudhh@21cn.com,Registered
fadbpvasg,123456abc,fadbpvasg@msn.com,Registered
ded,123456abc,ded@126.com,Registered